,,Count,Count,Count,Count,Count,Count
Quality,,",",7,:,E,F,I
Position,AminoAcids,,,,,,
90,A,27.0,0.0,43.0,0.0,2159.0,87.0
90,C,16.0,1.0,42.0,2.0,1145.0,105.0
90,D,15.0,0.0,24.0,0.0,915.0,3.0
90,E,7.0,0.0,10.0,2.0,822.0,95.0
90,F,7.0,1.0,37.0,3.0,666.0,381.0
90,G,11.0,0.0,48.0,2.0,2125.0,436.0
90,H,46.0,0.0,52.0,0.0,1156.0,3.0
90,I,24.0,3.0,70.0,3.0,1851.0,323.0
90,K,17.0,0.0,44.0,0.0,531.0,11.0
90,L,141.0,0.0,461.0,0.0,18070.0,15.0
90,M,12.0,0.0,30.0,0.0,736.0,2.0
90,N,123.0,0.0,381.0,0.0,6930.0,3.0
90,P,3150.0,0.0,8922.0,0.0,358416.0,120.0
90,Q,20.0,0.0,13.0,0.0,507.0,42.0
90,R,29.0,2.0,34.0,1.0,1049.0,247.0
90,S,30.0,0.0,82.0,0.0,3146.0,27.0
90,T,95.0,0.0,109.0,0.0,3360.0,12.0
90,V,14.0,0.0,32.0,0.0,1448.0,240.0
90,W,9.0,0.0,29.0,0.0,574.0,15.0
90,X,40.0,0.0,75.0,0.0,2381.0,6.0
90,Y,16.0,0.0,47.0,0.0,1065.0,27.0
102,A,4.0,0.0,5.0,0.0,324.0,3.0
102,C,1.0,0.0,2.0,0.0,219.0,3.0
102,D,47.0,0.0,150.0,1.0,5557.0,20.0
102,E,25.0,0.0,56.0,0.0,1634.0,61.0
102,F,0.0,0.0,2.0,0.0,50.0,98.0
102,G,21.0,0.0,83.0,0.0,2817.0,13.0
102,H,0.0,1.0,9.0,0.0,157.0,124.0
102,I,0.0,0.0,0.0,0.0,0.0,9.0
102,K,5424.0,1.0,18065.0,1.0,362773.0,385.0
102,L,7.0,1.0,22.0,0.0,499.0,590.0
102,M,107.0,0.0,63.0,0.0,1192.0,3.0
102,N,56.0,0.0,44.0,0.0,419.0,0.0
102,P,1.0,0.0,6.0,0.0,173.0,30.0
102,Q,42.0,0.0,27.0,0.0,658.0,35.0
102,R,223.0,1.0,661.0,1.0,18041.0,96.0
102,S,8.0,0.0,13.0,0.0,384.0,57.0
102,T,31.0,0.0,17.0,0.0,703.0,56.0
102,V,11.0,1.0,15.0,3.0,496.0,371.0
102,W,4.0,0.0,12.0,0.0,581.0,99.0
102,X,46.0,0.0,62.0,0.0,1143.0,3.0
102,Y,0.0,0.0,0.0,0.0,0.0,12.0
111,A,2436.0,0.0,7243.0,0.0,343968.0,308.0
111,C,32.0,1.0,56.0,0.0,1418.0,5.0
111,D,106.0,0.0,124.0,0.0,2956.0,72.0
111,E,75.0,1.0,139.0,2.0,2327.0,402.0
111,F,35.0,0.0,84.0,0.0,1337.0,53.0
111,G,54.0,0.0,109.0,0.0,5561.0,66.0
111,H,26.0,2.0,43.0,3.0,1035.0,394.0
111,I,21.0,0.0,58.0,0.0,890.0,15.0
111,K,442.0,1.0,978.0,0.0,5045.0,140.0
111,L,155.0,0.0,458.0,0.0,19022.0,42.0
111,M,35.0,0.0,133.0,0.0,2583.0,9.0
111,N,55.0,0.0,83.0,0.0,1137.0,129.0
111,P,25.0,1.0,33.0,1.0,1197.0,66.0
111,Q,25.0,1.0,39.0,1.0,877.0,149.0
111,R,53.0,0.0,91.0,0.0,3675.0,48.0
111,S,84.0,0.0,107.0,0.0,3516.0,70.0
111,T,30.0,0.0,42.0,0.0,1674.0,42.0
111,V,73.0,0.0,191.0,0.0,5805.0,6.0
111,W,25.0,2.0,52.0,0.0,1379.0,135.0
111,X,87.0,0.0,138.0,0.0,2118.0,36.0
111,Y,52.0,0.0,85.0,0.0,1195.0,39.0
115,A,7.0,1.0,3.0,0.0,5.0,14.0
115,C,83.0,0.0,19.0,0.0,97.0,11.0
115,D,5.0,0.0,0.0,0.0,5.0,32.0
115,E,10.0,0.0,17.0,0.0,267.0,81.0
115,F,6925.0,11.0,18405.0,31.0,369386.0,5982.0
115,G,0.0,0.0,1.0,1.0,105.0,445.0
115,H,0.0,0.0,0.0,0.0,0.0,6.0
115,I,141.0,0.0,27.0,1.0,166.0,127.0
115,K,0.0,0.0,0.0,0.0,3.0,63.0
115,L,152.0,0.0,39.0,0.0,178.0,219.0
115,M,0.0,1.0,0.0,2.0,2.0,352.0
115,N,9.0,0.0,2.0,1.0,7.0,134.0
115,P,0.0,1.0,0.0,4.0,0.0,88.0
115,Q,0.0,0.0,0.0,0.0,0.0,51.0
115,R,30.0,1.0,108.0,0.0,1558.0,208.0
115,S,235.0,0.0,788.0,1.0,16973.0,333.0
115,T,5.0,0.0,2.0,0.0,5.0,150.0
115,V,138.0,0.0,50.0,0.0,441.0,61.0
115,W,5.0,1.0,2.0,1.0,38.0,58.0
115,X,28.0,0.0,8.0,0.0,24.0,9.0
115,Y,105.0,0.0,17.0,0.0,91.0,6.0
122,A,4.0,1.0,16.0,0.0,358.0,53.0
122,C,70.0,1.0,181.0,0.0,1702.0,20.0
122,D,260.0,0.0,483.0,0.0,4543.0,15.0
122,E,37.0,2.0,67.0,2.0,1658.0,403.0
122,F,36.0,1.0,82.0,4.0,363.0,534.0
122,G,114.0,2.0,282.0,2.0,5650.0,82.0
122,H,721.0,0.0,361.0,0.0,1567.0,42.0
122,I,875.0,0.0,1880.0,1.0,15794.0,29.0
122,K,389.0,2.0,351.0,2.0,2671.0,377.0
122,L,131.0,11.0,184.0,30.0,1550.0,5696.0
122,M,160.0,0.0,310.0,0.0,2425.0,15.0
122,N,16383.0,1.0,37034.0,3.0,303630.0,210.0
122,P,8.0,0.0,9.0,0.0,64.0,69.0
122,Q,39.0,0.0,19.0,0.0,138.0,125.0
122,R,154.0,0.0,277.0,0.0,3467.0,221.0
122,S,119.0,0.0,168.0,1.0,2088.0,111.0
122,T,173.0,0.0,98.0,0.0,633.0,23.0
122,V,100.0,0.0,137.0,0.0,2090.0,4.0
122,W,21.0,0.0,45.0,0.0,486.0,285.0
122,X,86.0,0.0,213.0,0.0,1925.0,11.0
122,Y,147.0,0.0,274.0,1.0,1301.0,134.0
131,A,2.0,8.0,6.0,7.0,9.0,1138.0
131,C,1.0,2.0,4.0,5.0,10.0,1391.0
131,D,3.0,2.0,3.0,11.0,9.0,971.0
131,E,6.0,0.0,12.0,4.0,51.0,941.0
131,F,111.0,610.0,267.0,1734.0,2745.0,367694.0
131,G,3.0,3.0,5.0,10.0,25.0,1700.0
131,H,1.0,4.0,1.0,7.0,4.0,934.0
131,I,17.0,6.0,12.0,16.0,22.0,1031.0
131,K,1.0,3.0,2.0,13.0,12.0,875.0
131,L,55.0,19.0,20.0,23.0,64.0,2681.0
131,M,1.0,3.0,0.0,3.0,3.0,395.0
131,N,0.0,12.0,5.0,30.0,34.0,5976.0
131,P,0.0,2.0,0.0,1.0,9.0,552.0
131,Q,1.0,8.0,4.0,24.0,32.0,2622.0
131,R,0.0,9.0,5.0,9.0,84.0,2320.0
131,S,15.0,25.0,9.0,91.0,74.0,19493.0
131,T,2.0,2.0,1.0,4.0,5.0,910.0
131,V,87.0,12.0,36.0,30.0,127.0,2681.0
131,W,0.0,2.0,5.0,8.0,15.0,1371.0
131,X,2.0,1.0,4.0,10.0,22.0,1176.0
131,Y,7.0,8.0,6.0,10.0,15.0,755.0
142,A,88.0,0.0,199.0,0.0,2113.0,0.0
142,C,41.0,0.0,42.0,0.0,865.0,0.0
142,D,11.0,0.0,24.0,0.0,433.0,0.0
142,E,56.0,0.0,89.0,0.0,1760.0,0.0
142,F,39.0,0.0,38.0,0.0,352.0,0.0
142,G,247.0,0.0,442.0,0.0,5329.0,0.0
142,H,25.0,0.0,45.0,0.0,593.0,0.0
142,I,93.0,0.0,93.0,0.0,1224.0,0.0
142,K,48.0,0.0,96.0,0.0,1065.0,0.0
142,L,10848.0,0.0,23889.0,0.0,329817.0,0.0
142,M,305.0,0.0,216.0,0.0,2224.0,0.0
142,N,15.0,0.0,18.0,0.0,258.0,0.0
142,P,115.0,0.0,129.0,0.0,974.0,0.0
142,Q,121.0,0.0,309.0,0.0,6374.0,0.0
142,R,292.0,0.0,462.0,0.0,5186.0,0.0
142,S,71.0,0.0,114.0,0.0,1450.0,0.0
142,T,42.0,0.0,89.0,0.0,1018.0,0.0
142,V,185.0,0.0,188.0,0.0,2585.0,0.0
142,W,493.0,0.0,1056.0,0.0,18002.0,0.0
142,X,71.0,0.0,115.0,0.0,1308.0,0.0
142,Y,15.0,0.0,20.0,0.0,268.0,0.0
146,A,51.0,0.0,100.0,0.0,806.0,0.0
146,C,47.0,0.0,84.0,0.0,1381.0,0.0
146,D,355.0,0.0,198.0,0.0,1877.0,0.0
146,E,53.0,0.0,129.0,0.0,2344.0,0.0
146,F,347.0,0.0,138.0,0.0,853.0,0.0
146,G,152.0,0.0,295.0,0.0,3789.0,0.0
146,H,109.0,0.0,75.0,0.0,650.0,0.0
146,I,152.0,0.0,348.0,0.0,5632.0,0.0
146,K,41.0,0.0,59.0,0.0,587.0,0.0
146,L,106.0,0.0,95.0,0.0,1311.0,0.0
146,M,12.0,0.0,16.0,0.0,254.0,0.0
146,N,103.0,0.0,114.0,0.0,980.0,0.0
146,P,44.0,0.0,31.0,0.0,309.0,0.0
146,Q,63.0,0.0,143.0,0.0,1855.0,0.0
146,R,68.0,0.0,104.0,0.0,1175.0,0.0
146,S,460.0,0.0,196.0,0.0,1414.0,0.0
146,T,527.0,0.0,1118.0,0.0,16571.0,0.0
146,V,48.0,0.0,86.0,0.0,1477.0,0.0
146,W,78.0,0.0,184.0,0.0,2684.0,0.0
146,X,476.0,0.0,543.0,0.0,5383.0,0.0
146,Y,10068.0,0.0,23350.0,0.0,331988.0,0.0
166,A,75.0,0.0,180.0,0.0,2076.0,0.0
166,C,54.0,0.0,79.0,0.0,2027.0,0.0
166,D,25.0,0.0,71.0,0.0,1110.0,0.0
166,E,24.0,0.0,61.0,0.0,1538.0,0.0
166,F,6693.0,0.0,18844.0,0.0,342590.0,0.0
166,G,137.0,0.0,264.0,0.0,4297.0,0.0
166,H,87.0,0.0,231.0,0.0,5313.0,0.0
166,I,86.0,0.0,79.0,0.0,1056.0,0.0
166,K,17.0,0.0,47.0,0.0,665.0,0.0
166,L,554.0,0.0,341.0,0.0,3662.0,0.0
166,M,12.0,0.0,17.0,0.0,319.0,0.0
166,N,28.0,0.0,49.0,0.0,607.0,0.0
166,P,24.0,0.0,22.0,0.0,584.0,0.0
166,Q,50.0,0.0,88.0,0.0,1464.0,0.0
166,R,37.0,0.0,64.0,0.0,883.0,0.0
166,S,443.0,0.0,1113.0,0.0,17668.0,0.0
166,T,19.0,0.0,10.0,0.0,118.0,0.0
166,V,182.0,0.0,162.0,0.0,3289.0,0.0
166,W,47.0,0.0,86.0,0.0,1529.0,0.0
166,X,53.0,0.0,48.0,0.0,811.0,0.0
166,Y,220.0,0.0,120.0,0.0,1226.0,0.0
168,A,27.0,0.0,81.0,0.0,1461.0,0.0
168,C,47.0,0.0,38.0,0.0,791.0,0.0
168,D,12.0,0.0,55.0,0.0,1109.0,0.0
168,E,47.0,0.0,76.0,0.0,1395.0,0.0
168,F,489.0,0.0,200.0,0.0,1231.0,0.0
168,G,98.0,0.0,230.0,0.0,4739.0,0.0
168,H,19.0,0.0,18.0,0.0,185.0,0.0
168,I,13591.0,0.0,25657.0,0.0,321805.0,0.0
168,K,48.0,0.0,75.0,0.0,966.0,0.0
168,L,1123.0,0.0,327.0,0.0,2855.0,0.0
168,M,219.0,0.0,208.0,0.0,2255.0,0.0
168,N,98.0,0.0,119.0,0.0,1406.0,0.0
168,P,68.0,0.0,135.0,0.0,2212.0,0.0
168,Q,104.0,0.0,249.0,0.0,5359.0,0.0
168,R,145.0,0.0,258.0,0.0,3797.0,0.0
168,S,552.0,0.0,1222.0,0.0,19793.0,0.0
168,T,81.0,0.0,102.0,0.0,1215.0,0.0
168,V,73.0,0.0,159.0,0.0,2960.0,0.0
168,W,29.0,0.0,60.0,0.0,916.0,0.0
168,X,40.0,0.0,49.0,0.0,472.0,0.0
168,Y,41.0,0.0,41.0,0.0,419.0,0.0
175,A,370.0,0.0,1104.0,0.0,17978.0,0.0
175,C,230.0,0.0,108.0,0.0,1444.0,0.0
175,D,135.0,0.0,303.0,0.0,6264.0,0.0
175,E,24.0,0.0,66.0,0.0,1317.0,0.0
175,F,24.0,0.0,79.0,0.0,941.0,0.0
175,G,6608.0,0.0,18488.0,0.0,345080.0,0.0
175,H,17.0,0.0,31.0,0.0,444.0,0.0
175,I,29.0,0.0,76.0,0.0,780.0,0.0
175,K,25.0,0.0,61.0,0.0,907.0,0.0
175,L,76.0,0.0,172.0,0.0,2638.0,0.0
175,M,11.0,0.0,17.0,0.0,329.0,0.0
175,N,32.0,0.0,90.0,0.0,661.0,0.0
175,P,8.0,0.0,46.0,0.0,636.0,0.0
175,Q,12.0,0.0,26.0,0.0,727.0,0.0
175,R,94.0,0.0,183.0,0.0,3728.0,0.0
175,S,57.0,0.0,144.0,0.0,2232.0,0.0
175,T,18.0,0.0,50.0,0.0,538.0,0.0
175,V,349.0,0.0,217.0,0.0,3478.0,0.0
175,W,40.0,0.0,123.0,0.0,2210.0,0.0
175,X,68.0,0.0,121.0,0.0,843.0,0.0
175,Y,27.0,0.0,58.0,0.0,467.0,0.0
